PassengerId,Survived,Pclass,Name,Sex,Age,SibSp,Parch,Ticket,Fare,Cabin,Embarked
1,0,3,"Doe, Mr. P0",male,60.980969092349795,0,0,T6007,3.5096357695893645,,S
2,1,3,"Doe, Mr. P1",female,20.917133616451594,0,1,T5051,6.097875852110477,,S
3,0,2,"Doe, Mr. P2",female,40.46038289413495,0,0,T8575,27.024500296851134,,S
4,0,3,"Doe, Mr. P3",male,34.03974241589413,0,2,T9709,11.317817825187156,,C
5,0,1,"Doe, Mr. P4",male,48.57524869628257,3,2,T4190,89.7003869238833,,S
6,0,2,"Doe, Mr. P5",male,,0,2,T6637,54.991935389052365,,S
7,0,3,"Doe, Mr. P6",male,30.164060161453616,0,0,T1578,132.29293807945268,,S
8,1,1,"Doe, Mr. P7",female,18.775440879980337,3,0,T9138,9.68126421843117,C144,S
9,0,1,"Doe, Mr. P8",male,36.369596072617185,1,0,T5482,112.61588816217343,,S
10,1,1,"Doe, Mr. P9",female,19.873127138594462,0,0,T2865,18.170007535681336,,Q
11,0,1,"Doe, Mr. P10",male,58.89411508913604,1,0,T6489,13.748528837974591,,S
12,1,1,"Doe, Mr. P11",female,31.679762300699693,0,0,T2376,1.6634933838748578,,S
13,0,3,"Doe, Mr. P12",female,24.402837505974425,0,0,T6408,1.7455084431911085,,S
14,0,2,"Doe, Mr. P13",male,32.37786443504117,1,1,T9163,37.92168375103807,,S
15,0,3,"Doe, Mr. P14",male,10.166668801819402,0,1,T6058,19.717936601310974,C141,Q
16,0,3,"Doe, Mr. P15",male,15.611596441595552,0,0,T7283,8.270813690764074,,S
17,0,2,"Doe, Mr. P16",male,47.10600166519417,0,0,T2976,30.649279744609522,C54,S
18,0,2,"Doe, Mr. P17",male,,1,0,T7443,9.386305682546993,C82,S
19,0,2,"Doe, Mr. P18",male,14.519790751111875,0,0,T5759,27.752462758547544,,S
20,1,3,"Doe, Mr. P19",male,37.481464911645645,0,0,T8595,14.330659376091235,,S
21,0,2,"Doe, Mr. P20",male,46.892710242613454,1,0,T5920,55.85831720172511,,S
22,0,3,"Doe, Mr. P21",male,40.12482300464347,0,0,T2887,55.341286257463075,,S
23,0,2,"Doe, Mr. P22",male,44.14269144418434,1,0,T1991,20.892777339085292,,S
24,1,3,"Doe, Mr. P23",male,18.72647121574282,1,0,T6228,13.911812903150096,C128,S
25,0,2,"Doe, Mr. P24",male,9.083745332243264,0,0,T9046,14.499492716910034,,S
26,1,2,"Doe, Mr. P25",female,51.469337953354554,0,2,T7450,52.757339236556845,C126,S
27,1,3,"Doe, Mr. P26",male,,0,0,T4604,12.80800278447478,,S
28,1,3,"Doe, Mr. P27",male,26.06292126140181,0,0,T2083,7.55194249457873,,C
29,0,1,"Doe, Mr. P28",male,48.95881505681134,1,0,T9626,2.849399307663544,,C
30,0,3,"Doe, Mr. P29",male,,0,0,T1020,20.24279604640914,,S
31,1,3,"Doe, Mr. P30",male,36.31037269518331,0,0,T2099,21.188729784168057,C134,S
32,0,3,"Doe, Mr. P31",male,61.092534001065715,0,0,T7841,59.19252239822743,,S
33,0,3,"Doe, Mr. P32",male,20.368985659487926,0,0,T3637,8.051632346438945,,S
34,1,2,"Doe, Mr. P33",female,,0,0,T9581,15.44427626756768,,C
35,1,1,"Doe, Mr. P34",female,30.526690311007723,1,0,T8744,53.206486796993325,C54,S
36,1,2,"Doe, Mr. P35",female,33.59458804351723,0,0,T4413,55.871346747267246,,S
37,0,3,"Doe, Mr. P36",male,51.86279218298171,1,0,T8457,15.633126219549055,,C
38,1,3,"Doe, Mr. P37",male,37.06361846619954,0,0,T2354,,C3,C
39,0,2,"Doe, Mr. P38",female,37.50529314621968,0,0,T7402,11.636440049170508,,S
40,0,1,"Doe, Mr. P39",male,,0,1,T5521,86.82540101781252,C145,S
41,0,3,"Doe, Mr. P40",male,24.40818542162816,1,2,T6125,4.066646919979756,C55,S
42,1,3,"Doe, Mr. P41",male,17.531459823584406,0,0,T1005,87.40081757269107,,S
43,0,3,"Doe, Mr. P42",male,14.550266686695013,0,2,T9382,37.08121519158003,,Q
44,0,1,"Doe, Mr. P43",female,1.187829454047975,0,1,T9339,24.41961694447269,,C
45,0,2,"Doe, Mr. P44",male,59.51500338413467,1,2,T5353,1.069177542481231,,C
46,0,1,"Doe, Mr. P45",female,13.703478697035594,0,0,T4550,20.784883137739804,,S
47,1,3,"Doe, Mr. P46",male,26.491822458006304,0,0,T9031,16.867108208559568,,C
48,0,1,"Doe, Mr. P47",male,25.68620715161065,1,2,T5105,5.660934119995319,C10,S
49,0,3,"Doe, Mr. P48",male,34.15739711823196,1,0,T6083,34.3994222530728,,S
50,0,2,"Doe, Mr. P49",male,41.5281895818198,0,0,T9816,114.17079095596984,,S
51,1,3,"Doe, Mr. P50",female,42.176865581216305,0,0,T3175,26.5961546925342,C28,S
52,0,3,"Doe, Mr. P51",female,21.245377140750392,0,0,T9737,40.3917050040997,,C
53,1,3,"Doe, Mr. P52",female,27.276735150097032,0,0,T6224,2.2831699586294105,,S
54,1,1,"Doe, Mr. P53",female,33.797409282080345,1,0,T2195,17.41095289232509,,S
55,0,1,"Doe, Mr. P54",male,,0,2,T3069,3.983263158452522,C74,S
56,1,1,"Doe, Mr. P55",female,53.00651085228989,1,0,T4358,30.551462019527033,,S
57,0,3,"Doe, Mr. P56",male,36.81913679875464,0,2,T3438,89.78738275612757,,S
58,0,3,"Doe, Mr. P57",male,40.35572789772235,0,2,T9808,34.90647450893345,,S
59,0,3,"Doe, Mr. P58",male,39.311778395677486,0,0,T5244,2.5731884613187663,,C
60,0,3,"Doe, Mr. P59",male,46.715370933537216,2,0,T4343,14.103200217625353,C59,S
61,0,3,"Doe, Mr. P60",male,32.32481260120375,0,1,T2811,25.75945132553365,C131,S
62,1,1,"Doe, Mr. P61",male,10.895936754640225,0,0,T1171,16.621196489399534,,S
63,0,3,"Doe, Mr. P62",female,35.495475300413304,0,1,T5142,57.75473374572309,,C
64,0,2,"Doe, Mr. P63",male,20.255325040018477,3,0,T1625,54.277050308306215,C100,S
65,1,2,"Doe, Mr. P64",male,22.035058114628526,1,0,T6906,30.471327510840386,C122,S
66,1,3,"Doe, Mr. P65",male,,0,0,T8983,15.05476804293196,,S
67,1,1,"Doe, Mr. P66",male,47.655104535787714,0,0,T5063,9.493290005241386,,S
68,1,1,"Doe, Mr. P67",female,30.008437862672892,1,0,T9644,3.6034675471386244,,S
69,0,3,"Doe, Mr. P68",male,34.178078682684976,1,0,T9142,14.114752293331746,,C
70,1,1,"Doe, Mr. P69",female,,0,1,T1753,17.163385640899534,,S
71,0,3,"Doe, Mr. P70",female,33.19092110258424,0,0,T7851,36.27218539780445,,S
72,0,2,"Doe, Mr. P71",male,,0,2,T6104,34.5638655517313,,C
73,1,2,"Doe, Mr. P72",male,37.899889861657385,0,0,T8343,2.3405207167137827,C26,S
74,1,2,"Doe, Mr. P73",female,4.168939992240642,1,0,T7926,16.19516817492317,,S
75,1,2,"Doe, Mr. P74",female,40.62345350601572,0,0,T7827,6.460049183096909,,S
76,1,3,"Doe, Mr. P75",female,35.226796580800276,0,2,T9359,5.4922306509416146,,S
77,1,2,"Doe, Mr. P76",female,48.401414934199806,0,0,T4685,56.55001808337229,,S
78,0,3,"Doe, Mr. P77",male,39.4611295934144,1,0,T9277,1.378771949118669,,S
79,0,3,"Doe, Mr. P78",male,27.692388232235277,0,2,T2982,17.494882498984087,,C
80,0,3,"Doe, Mr. P79",male,11.947675573804197,0,0,T5944,5.930198223405696,,Q
81,1,3,"Doe, Mr. P80",female,,0,0,T8892,68.09326011951254,C147,S
82,1,3,"Doe, Mr. P81",male,17.367453413965148,0,0,T9191,26.219718279669074,,S
83,1,1,"Doe, Mr. P82",male,21.28240997783152,0,1,T9633,8.473732931162616,,S
84,1,1,"Doe, Mr. P83",male,38.23438686409884,1,0,T9462,22.476037166964627,,C
85,0,2,"Doe, Mr. P84",male,,0,0,T1343,42.33828477603044,C44,S
86,1,3,"Doe, Mr. P85",male,35.422737182433224,0,1,T4081,102.1673591213269,,S
87,0,1,"Doe, Mr. P86",female,12.359695600489825,0,1,T7637,8.018873005535736,,C
88,0,3,"Doe, Mr. P87",male,36.14673868919204,0,0,T3291,69.97551357529854,,S
89,1,3,"Doe, Mr. P88",female,,0,0,T2532,,,C
90,0,2,"Doe, Mr. P89",male,20.858147887368958,0,0,T5362,79.91903269409481,,S
91,0,3,"Doe, Mr. P90",male,,0,0,T2653,32.48960018399531,,C
92,1,1,"Doe, Mr. P91",female,29.912978823573358,0,1,T5988,31.999319071808515,,C
93,0,1,"Doe, Mr. P92",female,18.31897446030752,1,0,T7344,16.621351721396312,C80,S
94,0,3,"Doe, Mr. P93",male,39.10006629073595,0,0,T9430,44.94901636716407,C112,S
95,1,3,"Doe, Mr. P94",female,27.946251845187167,0,0,T2438,24.40050350389694,,S
96,0,3,"Doe, Mr. P95",male,35.7832204366519,0,0,T4016,36.43301631422316,,Q
97,0,2,"Doe, Mr. P96",male,16.831363421869547,1,0,T9166,18.013231888768264,,S
98,0,2,"Doe, Mr. P97",male,23.35685464531055,0,0,T7389,42.33949650542449,C77,S
99,0,3,"Doe, Mr. P98",male,40.17452968850269,1,0,T6977,56.02651739584509,,S
100,0,3,"Doe, Mr. P99",male,24.29391929466938,0,0,T4079,5.098388765515939,,S
101,0,3,"Doe, Mr. P100",male,54.740975842884374,1,0,T7295,57.61677022698893,C87,S
102,0,2,"Doe, Mr. P101",male,,0,0,T3258,25.02499094047581,,S
103,1,3,"Doe, Mr. P102",male,32.957928523402344,0,2,T9558,59.962101217204875,,S
104,0,2,"Doe, Mr. P103",male,,0,0,T3991,18.17384824814541,,Q
105,1,1,"Doe, Mr. P104",female,9.133696872471038,0,0,T4741,15.34295845548191,,S
106,0,3,"Doe, Mr. P105",male,4.168272226278749,3,2,T1085,79.39936465389776,,S
107,0,1,"Doe, Mr. P106",male,7.577983438733625,0,0,T3493,9.31360245899672,,C
108,0,3,"Doe, Mr. P107",female,48.00746949969414,3,0,T7447,59.8682125186118,,S
109,0,2,"Doe, Mr. P108",male,21.69805688455952,0,0,T9323,21.306365948688526,,Q
110,0,1,"Doe, Mr. P109",male,66.79388964218965,0,1,T8588,23.24012647461333,,S
111,1,3,"Doe, Mr. P110",male,21.518409819467863,0,0,T1903,11.876849565205257,C146,S
112,0,3,"Doe, Mr. P111",male,32.37599389635704,0,1,T6083,27.4044572562915,C53,S
113,1,3,"Doe, Mr. P112",female,,2,0,T7190,12.666047758167577,C113,S
114,1,3,"Doe, Mr. P113",female,58.78834687830728,0,0,T3804,1.2899724793518013,C132,S
115,0,3,"Doe, Mr. P114",male,59.591801861227765,0,1,T2226,10.22196454465867,,S
116,1,3,"Doe, Mr. P115",female,47.221310343600564,3,2,T2284,0.20606314155568517,C38,C
117,1,3,"Doe, Mr. P116",female,44.5489066242662,0,0,T1689,123.42166491694348,,S
118,0,2,"Doe, Mr. P117",male,38.291640763417156,0,1,T6143,108.64238952969963,,S
119,1,3,"Doe, Mr. P118",female,,1,0,T5782,16.18963011482581,,S
120,0,1,"Doe, Mr. P119",male,21.707807113236264,0,0,T5881,41.96682601423028,,Q
121,1,3,"Doe, Mr. P120",female,17.836116190376543,0,0,T5507,13.66411784459993,,S
122,0,3,"Doe, Mr. P121",female,29.651070367541195,0,0,T2996,35.80577920167581,,S
123,1,1,"Doe, Mr. P122",male,27.232322973388538,0,0,T5381,52.71022485247803,,S
124,1,3,"Doe, Mr. P123",male,23.12819328475451,1,0,T8680,94.43856703002338,,S
125,0,3,"Doe, Mr. P124",male,,0,0,T1429,16.459979238235753,C127,S
126,0,1,"Doe, Mr. P125",male,43.551925524272406,3,0,T6700,49.24127241190485,,Q
127,0,3,"Doe, Mr. P126",female,30.981899851231788,0,2,T4781,9.954590600579941,,S
128,1,3,"Doe, Mr. P127",female,,0,2,T9794,149.37468070319275,,C
129,0,1,"Doe, Mr. P128",male,13.145507845064177,0,1,T9631,0.8406599459273169,,S
130,0,3,"Doe, Mr. P129",male,26.891937840444086,0,0,T6468,29.78989093862705,,S
131,0,2,"Doe, Mr. P130",male,19.30607635125933,0,0,T5507,34.69091860991494,,C
132,0,3,"Doe, Mr. P131",male,2.635219052440629,1,0,T1527,37.50971940273308,,S
133,0,3,"Doe, Mr. P132",male,,1,2,T3996,4.130419546834199,,Q
134,0,3,"Doe, Mr. P133",male,27.93466112844239,0,0,T4467,89.81232067996686,,S
135,1,3,"Doe, Mr. P134",female,,0,1,T2361,6.436619132546977,,Q
136,0,3,"Doe, Mr. P135",male,38.846769426044276,0,2,T7817,31.390369722240017,,S
137,0,3,"Doe, Mr. P136",male,,0,1,T1703,8.111119750647061,,S
138,1,2,"Doe, Mr. P137",female,56.58434221184573,0,0,T1662,11.81861132017314,,S
139,0,3,"Doe, Mr. P138",male,47.40498858511762,1,0,T9556,25.459528763661687,,S
140,1,1,"Doe, Mr. P139",female,38.14041670029493,0,0,T7256,17.384777164445197,,S
141,1,3,"Doe, Mr. P140",female,26.415980566677437,3,0,T9367,5.622828265015469,,S
142,0,1,"Doe, Mr. P141",male,15.788131067509543,0,0,T6297,6.036160826829041,,S
143,1,1,"Doe, Mr. P142",male,24.30300174696973,0,0,T9573,17.4373831794333,,S
144,0,1,"Doe, Mr. P143",male,45.48685498571069,0,1,T6378,45.59066089073409,,C
145,0,3,"Doe, Mr. P144",male,57.02650143605183,0,0,T1305,73.49443682422357,C85,S
146,0,2,"Doe, Mr. P145",male,52.07703115994674,0,0,T6497,2.829681044247423,,S
147,0,3,"Doe, Mr. P146",male,22.611683384099024,0,0,T5697,16.080605447876692,,S
148,1,1,"Doe, Mr. P147",male,13.465547217309336,1,0,T3390,3.4013955272936425,,S
149,0,2,"Doe, Mr. P148",male,31.742850580212455,1,1,T8222,0.5387600231512523,,S
150,0,3,"Doe, Mr. P149",male,4.057629199338649,0,0,T8933,34.900853239516195,C2,S
151,1,3,"Doe, Mr. P150",female,34.38593185567933,1,0,T2465,29.702347847136597,,Q
152,0,2,"Doe, Mr. P151",male,,0,0,T8852,5.730120244248476,,C
153,0,3,"Doe, Mr. P152",male,,1,0,T1402,8.57578722694785,,S
154,0,3,"Doe, Mr. P153",male,6.576805524631464,0,1,T7940,0.7725844096916387,,S
155,1,3,"Doe, Mr. P154",female,37.14720154526089,0,0,T3670,58.007974482830534,,S
156,0,1,"Doe, Mr. P155",male,,0,0,T9095,118.38585199893856,,S
157,0,1,"Doe, Mr. P156",female,12.736205882200824,0,0,T9368,4.686940861989106,,S
158,1,3,"Doe, Mr. P157",female,0.42,0,0,T5544,8.477695333663666,,S
159,0,1,"Doe, Mr. P158",male,29.301033876765775,0,0,T9934,65.3035523866964,C82,S
160,1,3,"Doe, Mr. P159",female,55.39764815171129,0,1,T6660,84.04127386455927,,S
161,0,3,"Doe, Mr. P160",male,,0,0,T7074,17.519535012731254,,S
162,0,3,"Doe, Mr. P161",male,23.072104279499058,1,2,T3348,1.6727495282897984,,C
163,0,3,"Doe, Mr. P162",male,20.96792512475418,0,0,T7850,1.2940757706935042,,S
164,0,3,"Doe, Mr. P163",male,36.49722671308784,0,0,T5402,27.472983790170574,,C
165,0,2,"Doe, Mr. P164",male,15.223411131769772,0,0,T1750,16.06952915187733,C4,Q
166,1,3,"Doe, Mr. P165",female,34.07598254738225,1,0,T5062,0.9360836780833487,,S
167,0,2,"Doe, Mr. P166",male,40.808164036578006,0,0,T8434,28.183838828186456,,S
168,0,3,"Doe, Mr. P167",male,47.49053174632246,0,0,T9405,0.3660140403298671,,S
169,1,3,"Doe, Mr. P168",male,28.247765891040682,0,0,T2617,49.85239169458835,,Q
170,0,3,"Doe, Mr. P169",male,26.746730622433994,0,1,T3530,11.782211095285879,C33,Q
171,1,3,"Doe, Mr. P170",female,16.969252492029867,0,0,T4333,1.3231232375700508,,S
172,0,3,"Doe, Mr. P171",male,,0,1,T8234,28.580307858401277,,S
173,0,2,"Doe, Mr. P172",male,,0,0,T6768,16.32455450903327,,C
174,0,2,"Doe, Mr. P173",male,35.026799848834585,1,0,T8707,117.27277497962547,,S
175,0,3,"Doe, Mr. P174",male,42.94697708038211,0,0,T1511,25.299482934578077,,C
176,1,1,"Doe, Mr. P175",male,18.053905215135,1,0,T6082,10.365617386661112,,Q
177,1,1,"Doe, Mr. P176",female,51.34398424991306,0,1,T7860,39.797309089361256,C116,S
178,0,2,"Doe, Mr. P177",male,25.768707784882753,0,0,T1252,10.199564948804198,,S
179,1,2,"Doe, Mr. P178",female,29.390174231947675,0,0,T5133,75.53941578985857,C10,S
180,0,2,"Doe, Mr. P179",male,18.865430652356558,0,0,T9820,15.11979596732141,,S
181,0,1,"Doe, Mr. P180",male,0.42,0,0,T4476,25.702544127903806,,S
182,0,1,"Doe, Mr. P181",male,,0,0,T2725,1.6710751442359577,C92,C
183,1,1,"Doe, Mr. P182",female,40.384236507840285,0,1,T3093,17.881855293509776,,Q
184,1,3,"Doe, Mr. P183",female,25.620750421785907,2,0,T2701,57.507833779906846,,Q
185,0,2,"Doe, Mr. P184",male,30.671365399760642,3,2,T9496,52.746448890863036,,S
186,1,2,"Doe, Mr. P185",female,37.181118656709444,0,1,T6834,8.179230097633232,,C
187,1,3,"Doe, Mr. P186",female,7.043085075145129,2,0,T5340,8.252395339167528,,C
188,0,1,"Doe, Mr. P187",male,22.028736178478724,0,0,T3807,54.738032328014185,C27,S
189,1,3,"Doe, Mr. P188",male,,0,0,T7301,85.81197002448576,,S
190,0,3,"Doe, Mr. P189",male,11.512803364045883,0,0,T8572,3.2270589762128608,,S
191,0,1,"Doe, Mr. P190",male,33.95659001641612,0,0,T2024,19.253784679218782,,Q
192,1,2,"Doe, Mr. P191",female,,0,2,T3975,13.255635881927185,,S
193,0,3,"Doe, Mr. P192",female,,2,0,T9698,65.86608893449478,,S
194,1,3,"Doe, Mr. P193",male,29.183198506686487,0,0,T5856,2.808496772628071,C6,S
195,0,3,"Doe, Mr. P194",male,,0,0,T7724,7.636184723301827,,S
196,1,3,"Doe, Mr. P195",male,46.58872063962899,1,0,T3567,44.95818019403105,C80,S
197,1,1,"Doe, Mr. P196",female,19.048422136428286,0,1,T5587,1.6955286410070756,,S
198,1,3,"Doe, Mr. P197",female,17.951339663291474,0,0,T5922,21.842170815306,C83,S
199,1,1,"Doe, Mr. P198",female,32.60825335984867,0,0,T6046,18.791538540213192,,S
200,1,3,"Doe, Mr. P199",female,46.35524156671637,0,0,T3894,13.10759477756479,,C
201,0,3,"Doe, Mr. P200",male,14.970583624813244,0,1,T8203,16.158608954648702,,S
202,0,3,"Doe, Mr. P201",male,,0,0,T8478,24.30765704367096,,S
203,0,3,"Doe, Mr. P202",male,35.91783925479331,0,2,T6274,5.666637178399851,,S
204,0,1,"Doe, Mr. P203",female,39.75003130531559,2,0,T4613,27.325642995235672,C117,S
205,1,1,"Doe, Mr. P204",male,32.258402551519765,1,0,T1038,52.71060321413623,,S
206,0,1,"Doe, Mr. P205",male,24.378096333291825,0,0,T4084,45.9747453073251,,S
207,1,1,"Doe, Mr. P206",male,17.699941800593564,0,0,T7265,5.381187055198426,,C
208,1,3,"Doe, Mr. P207",female,,0,0,T7598,5.204690222630333,,S
209,0,2,"Doe, Mr. P208",male,,3,0,T3415,10.053258622491228,,C
210,1,1,"Doe, Mr. P209",male,0.42,0,0,T1758,14.424562325171722,,Q
211,0,3,"Doe, Mr. P210",male,36.03011716028618,0,0,T5342,16.90559581443539,,S
212,1,3,"Doe, Mr. P211",female,,1,0,T8066,36.659330767595875,,S
213,1,3,"Doe, Mr. P212",female,0.42,2,0,T4116,1.878875458588411,,S
214,0,3,"Doe, Mr. P213",male,15.058904781705905,0,0,T1764,1.1362758070533552,,Q
215,1,1,"Doe, Mr. P214",female,38.677736784575366,0,0,T5029,16.01735249869776,,Q
216,0,2,"Doe, Mr. P215",male,59.53368431081963,0,0,T7445,38.46492401256521,,S
217,0,3,"Doe, Mr. P216",male,,0,0,T8443,6.922073113550714,C29,C
218,1,3,"Doe, Mr. P217",female,19.14395735217755,0,0,T2317,33.03201963302445,,S
219,1,1,"Doe, Mr. P218",female,27.048001603979817,0,1,T1700,9.688106533855898,,Q
220,1,3,"Doe, Mr. P219",female,49.63570807764868,0,0,T8527,69.94846109834778,,Q
221,1,1,"Doe, Mr. P220",female,20.333519402694236,0,0,T5383,72.78447782164976,,S
222,0,1,"Doe, Mr. P221",male,,0,1,T2593,11.360385773126485,,S
223,0,3,"Doe, Mr. P222",male,22.700218928360528,0,2,T5145,8.41568420828645,,S
224,0,3,"Doe, Mr. P223",male,15.87673518024867,0,0,T7707,17.061018986926694,C33,S
225,1,3,"Doe, Mr. P224",male,31.478719581924533,1,2,T7997,8.859396736711531,,C
226,0,1,"Doe, Mr. P225",male,53.25783764780863,0,0,T8026,35.932386036137736,,S
227,0,3,"Doe, Mr. P226",female,34.38464946018242,0,0,T3612,56.32011193299629,,S
228,0,2,"Doe, Mr. P227",male,26.040874219168828,0,0,T8399,36.00207597677229,,S
229,1,1,"Doe, Mr. P228",female,25.46873660072461,0,0,T2908,56.00431517815652,,Q
230,1,3,"Doe, Mr. P229",male,7.0337332738984735,0,0,T7954,16.287567715808198,,S
231,1,3,"Doe, Mr. P230",female,42.505091768633804,1,1,T2790,5.473304886929418,,S
232,1,3,"Doe, Mr. P231",male,28.57136064331437,0,2,T9168,43.122998924114945,,S
233,0,3,"Doe, Mr. P232",male,27.083041252935928,1,0,T3928,14.394327099038119,,Q
234,1,3,"Doe, Mr. P233",male,,0,0,T8681,35.82317762327979,,C
235,0,3,"Doe, Mr. P234",male,34.03191717130245,0,0,T6251,10.162102535158558,,S
236,1,1,"Doe, Mr. P235",female,18.79902977361983,2,0,T5127,2.7279538126268124,C94,S
237,1,2,"Doe, Mr. P236",male,23.517814855019623,0,0,T5963,157.90294702427485,C54,S
238,1,2,"Doe, Mr. P237",male,46.35246278335295,0,0,T6311,5.468898436940173,,S
239,0,2,"Doe, Mr. P238",male,31.342420952797585,0,2,T9792,143.5656849696047,,S
240,0,3,"Doe, Mr. P239",male,8.844969314398181,0,0,T3025,121.86111629086163,C128,Q
241,1,3,"Doe, Mr. P240",female,43.02881955134045,1,0,T8815,50.843687591792424,C86,S
242,0,1,"Doe, Mr. P241",female,20.01191075968459,1,0,T1987,34.68306853283105,,C
243,0,1,"Doe, Mr. P242",female,56.86281775515441,1,0,T6310,27.765829530088293,,S
244,0,3,"Doe, Mr. P243",male,45.360696952862405,0,1,T2965,64.74368887784435,C2,S
245,0,1,"Doe, Mr. P244",male,23.21383251294811,0,0,T8316,11.00277909705363,,C
246,1,3,"Doe, Mr. P245",female,48.27473724515914,0,0,T1868,20.30251037133537,C123,S
247,0,3,"Doe, Mr. P246",male,30.683904902647345,1,0,T3063,31.10455502357542,C77,S
248,0,3,"Doe, Mr. P247",female,42.06521828927218,0,0,T2129,17.05481166579781,,S
249,1,3,"Doe, Mr. P248",female,36.72862585076988,0,0,T5378,17.958548027961946,,S
250,1,3,"Doe, Mr. P249",female,17.427828502632334,1,0,T6154,12.90906158680343,C117,S
251,0,2,"Doe, Mr. P250",male,20.3685274313968,0,0,T7256,26.74676470688974,,S
252,0,3,"Doe, Mr. P251",male,,0,0,T7451,61.21083232440577,,Q
253,1,3,"Doe, Mr. P252",female,24.845757684455158,1,0,T2934,7.246798405496826,,S
254,1,2,"Doe, Mr. P253",male,23.847097282991047,0,0,T2076,87.7348038518151,C69,C
255,1,3,"Doe, Mr. P254",male,15.85072259943438,0,0,T6200,37.61746489437933,,S
256,1,3,"Doe, Mr. P255",male,,1,0,T2639,55.807440091807045,,C
257,1,3,"Doe, Mr. P256",female,59.6066113290256,0,2,T7385,26.158001554116442,,S
258,1,3,"Doe, Mr. P257",female,14.220772743313043,1,0,T9222,48.68425323835524,C66,C
259,0,3,"Doe, Mr. P258",male,,0,0,T8996,0.5259244838075687,,S
260,0,3,"Doe, Mr. P259",male,50.177198053523725,0,0,T1703,54.9280810230309,,S
261,0,3,"Doe, Mr. P260",male,28.54519982693713,0,0,T6480,1.3191261255861808,,S
262,1,3,"Doe, Mr. P261",female,,2,0,T9424,71.04890508261897,C47,S
263,0,3,"Doe, Mr. P262",male,14.295293841870244,0,1,T8777,155.3221080071121,,S
264,0,3,"Doe, Mr. P263",male,35.9104529095109,0,0,T6362,11.213186369774713,,S
265,1,3,"Doe, Mr. P264",female,26.98640815743404,0,0,T1950,7.603245950842771,,S
266,0,1,"Doe, Mr. P265",female,43.99308493735801,0,0,T9250,46.68089353948251,,C
267,1,3,"Doe, Mr. P266",female,,0,2,T3818,9.393556487258461,,S
268,0,3,"Doe, Mr. P267",female,,0,0,T4600,64.61429109475164,,S
269,0,1,"Doe, Mr. P268",male,,0,0,T9493,3.494471182722239,C131,C
270,0,3,"Doe, Mr. P269",male,,0,2,T8845,4.334881269715928,C15,S
271,1,1,"Doe, Mr. P270",female,32.518572372871375,1,0,T3944,124.62932458150749,,S
272,1,2,"Doe, Mr. P271",female,24.579088754245017,0,0,T7255,36.075715731553764,C103,S
273,1,3,"Doe, Mr. P272",female,34.60801573019452,0,0,T8580,60.42589319078711,,Q
274,1,1,"Doe, Mr. P273",female,25.41667955298407,0,0,T9508,12.623996034352347,C60,C
275,0,3,"Doe, Mr. P274",male,,1,0,T6264,36.337891042009836,,C
276,0,3,"Doe, Mr. P275",male,48.805164266315415,1,0,T8518,29.044333365503036,,S
277,1,3,"Doe, Mr. P276",female,15.105132803445203,0,0,T9122,29.75915003759073,C121,C
278,1,1,"Doe, Mr. P277",female,46.22823913637116,1,1,T2178,36.94562636061437,C3,S
279,1,2,"Doe, Mr. P278",female,48.798168476428046,0,1,T4855,27.57967289571226,,S
280,1,3,"Doe, Mr. P279",female,27.988006358629356,0,0,T9523,18.047304772467427,,S
281,1,3,"Doe, Mr. P280",female,0.42,0,0,T7037,10.395999153845898,,S
282,0,3,"Doe, Mr. P281",male,20.88658118713073,1,0,T1527,47.12556259366063,,S
283,0,2,"Doe, Mr. P282",male,48.506420925136084,0,1,T3059,8.260441299989965,,S
284,0,3,"Doe, Mr. P283",male,29.36841309666621,1,0,T1211,37.95756939080462,,S
285,0,3,"Doe, Mr. P284",male,15.210117631723794,0,0,T2714,8.555620487881647,,
286,1,3,"Doe, Mr. P285",male,22.380763642190846,0,0,T3688,31.61106502841616,,S
287,0,1,"Doe, Mr. P286",male,41.88899038431602,0,0,T4266,44.2645412582745,,S
288,1,3,"Doe, Mr. P287",male,37.627636738919996,1,0,T6149,7.947406188963508,,C
289,0,3,"Doe, Mr. P288",male,26.23548456203943,0,0,T2332,1.9904458112051626,,S
290,0,3,"Doe, Mr. P289",male,24.38104602868703,0,0,T7820,4.520298435047721,C83,C
291,0,2,"Doe, Mr. P290",male,24.019506838864583,0,1,T6891,,,S
292,1,3,"Doe, Mr. P291",male,16.32505232477171,1,0,T5686,60.968644138549045,,S
293,1,3,"Doe, Mr. P292",female,,0,0,T5091,1.4825076406364124,,S
294,0,1,"Doe, Mr. P293",male,25.026353196435572,0,0,T1443,42.659454353483426,,S
295,0,3,"Doe, Mr. P294",male,47.34879855196969,0,0,T1926,13.443995588017398,C60,C
296,0,3,"Doe, Mr. P295",male,51.75908275287554,3,1,T7246,20.965433093607587,,S
297,1,1,"Doe, Mr. P296",female,,1,0,T1622,85.10779374913527,,S
298,1,2,"Doe, Mr. P297",male,23.441505465588296,1,1,T4037,12.99026725053022,C23,C
299,0,3,"Doe, Mr. P298",male,35.55408630988084,0,0,T1233,20.16101613622135,C109,S
300,0,1,"Doe, Mr. P299",male,29.349163707331716,0,0,T3691,0.4436155900192302,,S
301,0,3,"Doe, Mr. P300",male,16.59632301941314,2,0,T8402,2.740891682174221,C124,S
302,0,2,"Doe, Mr. P301",male,34.40320958496324,0,1,T1386,9.634357415884804,,S
303,0,3,"Doe, Mr. P302",male,12.603923028182862,0,0,T2634,0.9095685487708591,C22,S
304,0,1,"Doe, Mr. P303",male,46.92135113269268,0,0,T9110,32.13483674232718,,S
305,1,3,"Doe, Mr. P304",female,,1,1,T5133,17.897408024664216,,Q
306,1,3,"Doe, Mr. P305",female,32.61681501015617,0,0,T6581,25.57949954262275,C75,S
307,1,3,"Doe, Mr. P306",male,,0,0,T2967,6.180607445517696,,S
308,0,3,"Doe, Mr. P307",male,25.945877881290876,1,0,T6568,11.298348184123961,,S
309,1,1,"Doe, Mr. P308",female,38.20706012139148,0,1,T8284,35.101923864588535,,Q
310,0,3,"Doe, Mr. P309",male,,0,0,T9432,108.22722956596412,C75,C
311,0,1,"Doe, Mr. P310",male,,3,2,T6145,1.6657736104520489,C90,S
312,0,1,"Doe, Mr. P311",male,,2,0,T6767,71.18695038928581,,S
313,0,2,"Doe, Mr. P312",male,31.53250390342297,1,2,T9753,27.69529378315148,,S
314,0,3,"Doe, Mr. P313",female,57.81447048634513,1,0,T2999,26.723700041878185,,S
315,1,3,"Doe, Mr. P314",female,15.195195793219165,0,0,T5901,22.337281879538207,,S
316,0,3,"Doe, Mr. P315",female,,1,1,T3779,2.3158041792597728,,S
317,0,2,"Doe, Mr. P316",male,,0,1,T7192,3.032446619845148,,S
318,0,2,"Doe, Mr. P317",male,,1,0,T2677,29.57806184461845,C44,Q
319,0,3,"Doe, Mr. P318",male,,1,0,T5177,13.42639795700084,C120,S
320,0,2,"Doe, Mr. P319",male,36.79321338714112,0,1,T8211,80.2472176282625,,Q
321,0,3,"Doe, Mr. P320",male,38.903461294145664,1,0,T8873,16.80423411771463,,S
322,1,1,"Doe, Mr. P321",female,45.790647708365235,1,0,T4841,4.979595969132339,,S
323,1,3,"Doe, Mr. P322",female,,0,1,T8098,40.387817156545964,C66,S
324,0,3,"Doe, Mr. P323",male,26.201764008031134,0,0,T7416,11.180632987973473,,S
325,0,1,"Doe, Mr. P324",female,39.4523186674396,0,0,T5885,24.002880975320753,C76,S
326,1,1,"Doe, Mr. P325",female,57.24828805598062,0,1,T1594,38.53614612751526,,S
327,1,3,"Doe, Mr. P326",male,27.776810677452684,0,0,T3612,74.22839630471827,C38,S
328,0,3,"Doe, Mr. P327",male,,0,0,T7359,50.59060585473522,,S
329,0,2,"Doe, Mr. P328",male,45.7526697046611,1,2,T2496,36.325682690086715,,C
330,0,3,"Doe, Mr. P329",male,27.954473122672823,3,0,T4555,36.652894036667874,,S
331,0,1,"Doe, Mr. P330",male,0.42,0,1,T5861,93.93953052275428,,S
332,1,2,"Doe, Mr. P331",female,41.98761431868111,0,1,T5766,11.293412379262527,,S
333,0,3,"Doe, Mr. P332",male,21.93774130366812,0,0,T4358,0.035829359623408254,C15,Q
334,0,2,"Doe, Mr. P333",male,28.387267406589668,2,0,T1914,10.220016421243464,C13,S
335,0,3,"Doe, Mr. P334",male,34.51371479325071,0,0,T2844,7.913525044656336,,S
336,0,2,"Doe, Mr. P335",male,32.46224535679646,1,0,T2995,34.91188754390109,,S
337,0,2,"Doe, Mr. P336",female,39.987051348516076,2,0,T8625,32.33956372230935,,S
338,1,3,"Doe, Mr. P337",female,23.38544762673727,0,0,T1094,28.982458631324057,,Q
339,0,2,"Doe, Mr. P338",male,37.140034073553196,1,0,T9684,0.5273334164137647,,S
340,0,3,"Doe, Mr. P339",male,,1,0,T4069,42.01513335392539,,S
341,0,1,"Doe, Mr. P340",male,40.41275197286879,2,0,T1149,12.585942774066408,C47,S
342,0,1,"Doe, Mr. P341",male,38.62282851818927,0,0,T2046,35.22009893811847,,S
343,1,1,"Doe, Mr. P342",male,16.136138820353366,0,0,T3803,26.18614551568305,,Q
344,1,3,"Doe, Mr. P343",male,45.44674068453797,1,0,T6334,13.513109766875164,,S
345,0,2,"Doe, Mr. P344",male,21.9285300458463,0,0,T9590,4.654060081482484,,S
346,0,3,"Doe, Mr. P345",male,,0,0,T5476,3.1935457457466017,,S
347,0,3,"Doe, Mr. P346",male,35.025666044319436,0,0,T8276,57.34589245017738,C101,S
348,0,3,"Doe, Mr. P347",male,,0,0,T1551,80.68984784850119,,C
349,0,1,"Doe, Mr. P348",male,26.459743255608142,0,0,T9486,33.7847786131104,,S
350,0,3,"Doe, Mr. P349",male,,0,0,T2143,3.5157086074708563,,S
351,0,3,"Doe, Mr. P350",male,29.418415714627876,0,0,T1455,16.557563264117263,,C
352,1,3,"Doe, Mr. P351",female,25.303893148903008,0,0,T9360,42.03427056701779,C25,S
353,1,3,"Doe, Mr. P352",female,41.29915757815972,0,0,T2946,48.72870758935633,,S
354,1,3,"Doe, Mr. P353",male,6.263496177669474,1,2,T7115,4.0511182178770575,,S
355,0,3,"Doe, Mr. P354",male,14.421604922377865,0,0,T8310,0.0009891620143490658,,Q
356,0,1,"Doe, Mr. P355",male,14.216857637101699,0,2,T7180,40.09771866045431,,S
357,0,1,"Doe, Mr. P356",male,43.47946008361685,0,0,T6817,14.199643608081793,,C
358,0,3,"Doe, Mr. P357",male,,0,0,T6380,9.456338338066999,,S
359,0,3,"Doe, Mr. P358",female,28.18548633120666,0,0,T7374,0.4179999299716995,,S
360,0,3,"Doe, Mr. P359",male,,0,0,T9445,25.025192318904033,,S
361,0,3,"Doe, Mr. P360",male,30.71575636514113,0,0,T9070,61.335240458491185,,S
362,0,1,"Doe, Mr. P361",male,46.54723538781876,0,0,T2320,101.79558494671392,,S
363,0,1,"Doe, Mr. P362",male,16.253379554236673,1,0,T8123,26.858768524258828,,S
364,1,3,"Doe, Mr. P363",male,33.15635024965438,0,0,T7153,23.264382145497283,,S
365,1,2,"Doe, Mr. P364",female,43.84036563184523,1,0,T7589,2.86234941872795,C28,C
366,0,1,"Doe, Mr. P365",male,,0,0,T4607,25.631391356658312,,Q
367,1,3,"Doe, Mr. P366",female,32.44893344068178,2,0,T1400,15.391666264640827,C108,S
368,1,1,"Doe, Mr. P367",female,44.21516834222355,0,0,T7042,30.084136471761106,C144,S
369,0,3,"Doe, Mr. P368",male,0.42,0,1,T1362,15.849179525209962,,S
370,0,2,"Doe, Mr. P369",male,39.52919213319816,0,0,T4851,8.849542314561312,,S
371,0,3,"Doe, Mr. P370",male,20.215902594652356,0,0,T4412,3.2129793085784595,,C
372,0,2,"Doe, Mr. P371",male,3.1558229955813744,0,0,T1084,12.178599919764386,,S
373,0,3,"Doe, Mr. P372",male,37.11243769311222,0,2,T2824,3.2727914293459004,,S
374,1,1,"Doe, Mr. P373",female,49.61804890486289,0,0,T9499,6.268498759154069,,C
375,0,1,"Doe, Mr. P374",male,27.70699653789847,0,0,T9822,140.68194420949968,,S
376,0,2,"Doe, Mr. P375",male,,1,0,T5775,18.906978827359175,,S
377,1,3,"Doe, Mr. P376",female,53.07803474083536,0,0,T8868,24.440219160347645,,S
378,0,3,"Doe, Mr. P377",male,48.766259576968686,1,0,T8619,66.60410275523621,,S
379,1,2,"Doe, Mr. P378",female,53.4794856758852,0,0,T8418,174.49526244950334,,S
380,0,3,"Doe, Mr. P379",male,,0,1,T3371,28.142301472520593,,C
381,0,3,"Doe, Mr. P380",male,30.793787764073095,0,0,T8068,53.89754567548525,,C
382,0,3,"Doe, Mr. P381",female,6.471495727491057,0,0,T4300,12.748698774076816,,S
383,0,1,"Doe, Mr. P382",male,26.132093922115743,0,0,T6821,11.750245261669308,,Q
384,1,3,"Doe, Mr. P383",female,17.47292436791522,0,0,T8803,16.594012688334647,,S
385,0,1,"Doe, Mr. P384",female,,0,0,T8464,35.94451868822611,,C
386,0,2,"Doe, Mr. P385",female,27.14965571973112,1,0,T1726,36.91108135427724,,S
387,0,3,"Doe, Mr. P386",male,31.486469698375043,0,0,T8121,12.193690534927107,C18,C
388,0,1,"Doe, Mr. P387",male,37.69653795258678,2,0,T5312,4.603262365340411,,C
389,0,3,"Doe, Mr. P388",female,30.33223547240058,2,0,T9000,32.22414049569107,,S
390,1,3,"Doe, Mr. P389",female,,1,0,T5543,4.422335766743419,,Q
391,1,3,"Doe, Mr. P390",female,20.671584254850444,0,0,T9014,27.818150829614922,,C
392,0,3,"Doe, Mr. P391",male,,0,0,T1318,38.06952829891624,,C
393,0,1,"Doe, Mr. P392",male,18.9341765073783,0,2,T4475,38.83362522820566,,S
394,1,2,"Doe, Mr. P393",female,10.559673587299766,0,0,T6153,45.08902084800021,,C
395,0,3,"Doe, Mr. P394",male,20.82934818187336,0,0,T5134,66.41127279033005,,C
396,1,1,"Doe, Mr. P395",female,29.162966442798027,0,2,T2602,22.31669840485553,C84,S
397,1,2,"Doe, Mr. P396",female,23.47511774449973,0,0,T3256,42.19026478443637,,Q
398,0,1,"Doe, Mr. P397",male,19.659895791829086,0,2,T8319,31.086182046431606,C1,S
399,1,1,"Doe, Mr. P398",female,9.308396776758407,1,0,T8532,6.651920725749068,C86,S
400,1,2,"Doe, Mr. P399",female,28.494969196883925,0,0,T8366,0.8380174398260744,,S
401,0,1,"Doe, Mr. P400",male,7.881554576550467,0,0,T3648,10.78157504947048,,S
402,1,3,"Doe, Mr. P401",female,,1,2,T7903,18.84506786961647,,S
403,0,3,"Doe, Mr. P402",male,30.895376417550295,0,0,T2858,30.911901641052843,,S
404,0,3,"Doe, Mr. P403",female,8.565503257758508,0,2,T2102,61.07853431133418,,Q
405,0,1,"Doe, Mr. P404",male,25.21646838277698,1,0,T3481,7.034465912702926,C130,S
406,0,1,"Doe, Mr. P405",female,18.793732118936543,0,1,T2820,4.319949469721247,,S
407,0,1,"Doe, Mr. P406",male,34.32803040107812,0,0,T4158,106.57857987651629,,S
408,0,3,"Doe, Mr. P407",male,,0,0,T4684,3.6817190878695074,C144,S
409,1,3,"Doe, Mr. P408",female,2.5099991901367034,0,2,T8411,20.96312997501892,C45,Q
410,0,1,"Doe, Mr. P409",male,31.367878147637548,0,2,T4651,28.362921287330916,C42,S
411,0,3,"Doe, Mr. P410",male,27.378074464283713,0,0,T8707,25.100580503089695,,C
412,1,1,"Doe, Mr. P411",female,,0,0,T9461,2.896708486861031,,S
413,1,3,"Doe, Mr. P412",female,32.791351109446495,0,0,T9107,1.8907047103001884,,S
414,0,3,"Doe, Mr. P413",male,18.796444689787123,1,0,T7881,3.5893935394522307,,S
415,0,3,"Doe, Mr. P414",male,25.073717932834036,0,0,T7220,28.364782552623044,,S
416,0,3,"Doe, Mr. P415",male,,1,0,T5830,25.309814638845545,,S
417,0,3,"Doe, Mr. P416",male,45.302103509679675,0,0,T5979,8.572759751333372,,S
418,0,2,"Doe, Mr. P417",male,30.00901890574316,1,0,T8334,32.698692481900096,C107,S
419,0,3,"Doe, Mr. P418",female,57.26726494341861,0,0,T4775,55.2285870170595,,C
420,1,1,"Doe, Mr. P419",female,28.820418199688,0,0,T1648,1.3674727699751814,,S
421,1,3,"Doe, Mr. P420",female,19.42810187979829,0,0,T1016,22.199132232501253,C134,S
422,1,3,"Doe, Mr. P421",female,7.751141307114004,1,0,T9308,37.64054339181195,,S
423,0,3,"Doe, Mr. P422",male,,0,0,T7476,9.362774769566192,C114,S
424,0,3,"Doe, Mr. P423",male,6.730028826420398,0,0,T6942,11.844393789310127,,C
425,0,3,"Doe, Mr. P424",male,33.573336439666505,0,0,T2545,30.62156482530513,,S
426,0,3,"Doe, Mr. P425",male,37.07651283683404,1,1,T3693,73.4851749002601,C8,S
427,1,3,"Doe, Mr. P426",male,,0,0,T8599,53.462738636849274,,Q
428,1,1,"Doe, Mr. P427",female,,0,2,T5089,28.17440049942854,,S
429,1,1,"Doe, Mr. P428",male,22.695614750590128,0,0,T7259,42.186985661655115,,S
430,0,2,"Doe, Mr. P429",male,31.828498673790463,0,1,T6058,14.613993978927812,,S
431,0,1,"Doe, Mr. P430",male,53.077199109703656,2,0,T4240,32.983647313647566,,S
432,0,3,"Doe, Mr. P431",female,42.70417008005021,1,0,T5942,20.211925707906985,C112,C
433,0,1,"Doe, Mr. P432",male,25.80630560536543,0,0,T4788,6.782678535520454,,C
434,0,3,"Doe, Mr. P433",male,16.77771273147833,0,0,T7953,38.95504165584323,,Q
435,1,2,"Doe, Mr. P434",male,0.42,1,0,T1371,26.17788338926789,C26,S
436,1,1,"Doe, Mr. P435",female,19.272276870984907,0,0,T8020,14.301167623657294,,S
437,1,3,"Doe, Mr. P436",male,26.63861153699843,3,0,T8120,78.01858152910793,,C
438,1,3,"Doe, Mr. P437",female,,0,0,T6702,0.6812342555381047,,S
439,1,3,"Doe, Mr. P438",female,27.796773977161582,0,0,T9347,12.2187976691712,C144,S
440,0,3,"Doe, Mr. P439",male,30.814352302902137,0,2,T3661,1.8857361050994024,,S
441,0,3,"Doe, Mr. P440",male,26.43958826378286,0,0,T8180,46.841024268581236,,S
442,1,1,"Doe, Mr. P441",female,20.274962578059835,2,0,T7651,38.99492262523055,,S
443,0,3,"Doe, Mr. P442",male,32.14549274351755,0,0,T9656,12.960430541430556,,C
444,0,3,"Doe, Mr. P443",male,36.10813941875643,1,2,T5878,36.25629449640246,,C
445,0,3,"Doe, Mr. P444",female,13.889213377078732,0,0,T5315,16.231284433134636,,S
446,0,1,"Doe, Mr. P445",female,50.158519506320914,1,0,T7158,45.454412705675125,C35,S
447,1,3,"Doe, Mr. P446",female,28.270472081878204,0,0,T9308,19.496222178536694,,S
448,1,1,"Doe, Mr. P447",female,29.97331953270029,1,0,T7474,17.11443433462171,,C
449,0,1,"Doe, Mr. P448",male,,0,0,T2374,87.88093138340352,,S
450,0,2,"Doe, Mr. P449",male,,1,0,T8393,9.301127558617104,,S
451,1,3,"Doe, Mr. P450",female,43.52048119174205,0,1,T5403,4.132607301584484,,S
452,0,3,"Doe, Mr. P451",male,33.86330039542645,0,0,T4546,28.283721124169368,,S
453,1,3,"Doe, Mr. P452",male,20.81965806771365,1,0,T4977,112.19134866753593,C55,S
454,1,3,"Doe, Mr. P453",female,34.941801115488474,0,0,T4411,15.28072641031172,,C
455,1,2,"Doe, Mr. P454",male,13.115969993850403,0,0,T9988,2.0622336849747676,,S
456,1,2,"Doe, Mr. P455",male,31.274115733759587,1,0,T4892,13.345720587888076,C93,S
457,0,2,"Doe, Mr. P456",male,29.21816513565532,0,0,T8324,22.70362171704707,C92,S
458,0,3,"Doe, Mr. P457",male,26.682305569548173,0,0,T9342,5.687978827225685,,S
459,0,1,"Doe, Mr. P458",male,27.836206084135505,0,0,T4249,34.55843972756439,,C
460,0,3,"Doe, Mr. P459",male,2.4131888402842314,0,0,T1111,196.30902426515055,,S
461,0,3,"Doe, Mr. P460",male,21.743488837756058,0,0,T1682,19.35235121802938,,C
462,1,2,"Doe, Mr. P461",female,31.046251066546162,0,0,T2161,14.106311511668157,C1,S
463,0,3,"Doe, Mr. P462",female,,1,0,T8400,16.486397564969067,,S
464,0,3,"Doe, Mr. P463",male,14.798710456573607,0,0,T3379,3.9391168344204623,,S
465,0,3,"Doe, Mr. P464",female,48.052763692538164,0,0,T6426,69.16310631648524,,S
466,1,3,"Doe, Mr. P465",male,17.140464700889737,0,0,T9352,17.254223535112498,,S
467,0,2,"Doe, Mr. P466",male,43.757129407637684,0,0,T2425,15.77278670711138,,C
468,1,2,"Doe, Mr. P467",female,35.89431824713943,0,0,T4661,34.70835147327218,C71,S
469,0,3,"Doe, Mr. P468",male,20.329704007264855,0,0,T9469,18.78729004367048,,S
470,0,3,"Doe, Mr. P469",female,55.442007942837925,0,2,T8040,33.642160304598846,C148,C
471,1,1,"Doe, Mr. P470",male,12.39226593953104,0,0,T5592,2.0419692825657996,,Q
472,1,3,"Doe, Mr. P471",female,,0,0,T8530,54.112818414483726,,S
473,0,3,"Doe, Mr. P472",male,,1,0,T4107,90.86342199544971,,Q
474,0,3,"Doe, Mr. P473",female,19.97600696838865,0,0,T1302,33.69088779845617,C111,S
475,0,1,"Doe, Mr. P474",male,49.89074685093277,0,2,T5533,99.54607426925521,C142,S
476,0,3,"Doe, Mr. P475",female,26.074325538315183,0,0,T3773,5.287414735366655,,C
477,0,3,"Doe, Mr. P476",male,,1,0,T8199,20.896830944153283,,S
478,0,1,"Doe, Mr. P477",male,33.4746666621827,1,0,T5281,29.650333110347102,,S
479,1,1,"Doe, Mr. P478",female,,2,1,T5768,28.06693727495526,C19,S
480,0,3,"Doe, Mr. P479",male,41.45671996081684,0,0,T2000,16.52712961423304,,C
481,0,1,"Doe, Mr. P480",male,41.20558644800709,0,2,T2718,13.28627505620517,,C
482,0,3,"Doe, Mr. P481",female,4.3462863880463765,0,0,T8169,4.366904933029844,,S
483,0,3,"Doe, Mr. P482",male,,1,0,T8361,16.008451718273935,,S
484,0,2,"Doe, Mr. P483",male,5.59386617348272,3,0,T4830,5.716338866579882,,S
485,0,3,"Doe, Mr. P484",male,44.67191996295403,0,1,T8154,42.685435396886696,,S
486,1,2,"Doe, Mr. P485",female,46.03722448399996,0,1,T6020,7.542643884591644,,S
487,0,3,"Doe, Mr. P486",male,13.880986761879624,0,0,T3882,1.9432795412442818,C55,C
488,1,2,"Doe, Mr. P487",male,23.74319282465852,0,0,T1998,25.88170481466618,,S
489,0,3,"Doe, Mr. P488",female,13.667282306953933,0,0,T1284,29.122826774028766,,S
490,1,1,"Doe, Mr. P489",female,26.58364506081334,0,0,T9612,66.17248238735367,C111,S
491,0,2,"Doe, Mr. P490",male,25.23350287930675,0,0,T3160,27.702936131688062,C131,S
492,0,3,"Doe, Mr. P491",male,41.00507771790543,0,0,T4065,13.64811299288179,,Q
493,0,2,"Doe, Mr. P492",male,48.699476818734325,0,0,T2494,52.312502033015306,,S
494,1,3,"Doe, Mr. P493",male,49.93741525645436,0,0,T5623,25.02375546553108,,S
495,1,2,"Doe, Mr. P494",male,,0,0,T3543,2.6597076178681527,,S
496,0,3,"Doe, Mr. P495",male,,0,0,T5800,26.866600433002237,,S
497,0,1,"Doe, Mr. P496",male,5.29014621279622,1,1,T9913,76.83461935413523,,S
498,0,3,"Doe, Mr. P497",male,18.014884035805263,1,0,T2401,16.25130158310452,,S
499,0,3,"Doe, Mr. P498",female,43.690348679913136,0,0,T1445,11.31636209878456,,S
500,1,1,"Doe, Mr. P499",female,53.12595094144936,0,0,T5522,4.986662712474035,,S
501,1,1,"Doe, Mr. P500",female,11.801941357741129,0,0,T4767,5.2879159174439305,,S
502,0,1,"Doe, Mr. P501",male,21.109268242283033,0,0,T3551,18.25717558516924,C55,S
503,0,3,"Doe, Mr. P502",male,29.317116524095557,1,0,T6646,29.158652054267286,,Q
504,1,2,"Doe, Mr. P503",female,,1,0,T4888,2.7064341959677556,C37,S
505,1,3,"Doe, Mr. P504",female,17.96074896113613,0,2,T5816,90.36112957096614,,S
506,0,2,"Doe, Mr. P505",male,,3,0,T3731,45.306771544092975,,S
507,0,2,"Doe, Mr. P506",female,,3,0,T8699,28.44539920671399,C122,S
508,0,3,"Doe, Mr. P507",female,29.49044207226495,1,2,T3629,56.76262601278955,,C
509,1,3,"Doe, Mr. P508",female,37.62112159605364,0,0,T8687,2.691424959793458,C121,S
510,0,1,"Doe, Mr. P509",female,29.793122912258596,0,0,T2057,20.86127841204636,,S
511,0,1,"Doe, Mr. P510",male,23.372404587364755,0,2,T7834,32.023028775685304,C77,S
512,0,1,"Doe, Mr. P511",male,28.11065784307545,0,0,T9949,56.80286050812066,,S
513,1,3,"Doe, Mr. P512",female,28.418737091522637,0,0,T2795,49.266777346271304,C91,C
514,1,3,"Doe, Mr. P513",female,,1,2,T5849,10.44702732786827,,S
515,0,3,"Doe, Mr. P514",male,25.947457091327014,0,0,T9215,91.06768162680906,,S
516,0,3,"Doe, Mr. P515",male,52.8803839723184,1,1,T5150,4.27564680130169,,S
517,1,3,"Doe, Mr. P516",male,37.83333199514796,0,0,T7947,66.9924562087157,,C
518,1,3,"Doe, Mr. P517",female,,0,0,T7470,113.93651896720888,,S
519,0,3,"Doe, Mr. P518",female,39.80583886540567,1,0,T8179,6.278537501136015,,C
520,1,1,"Doe, Mr. P519",male,24.859617398537857,0,2,T4712,41.22797307261987,,S
521,1,1,"Doe, Mr. P520",male,46.7103072450063,0,0,T6458,1.3240464236536054,C149,C
522,0,2,"Doe, Mr. P521",male,35.05981178687236,3,0,T6315,16.740933160588366,,S
523,1,1,"Doe, Mr. P522",female,28.14411891193868,1,0,T6381,23.385439096373013,,C
524,1,3,"Doe, Mr. P523",female,36.191895424249026,0,0,T4174,27.98302363592959,C131,S
525,0,3,"Doe, Mr. P524",female,6.922295795006761,1,1,T7387,88.48212819208925,C87,C
526,0,1,"Doe, Mr. P525",male,13.361871700807821,1,1,T9973,35.91930135780514,,S
527,0,1,"Doe, Mr. P526",male,12.388087407213696,1,0,T7767,21.135664322385633,C106,S
528,1,3,"Doe, Mr. P527",male,31.772674874073747,1,1,T1566,53.42051910125284,,S
529,0,3,"Doe, Mr. P528",male,54.82146749253383,0,0,T5622,96.8075573007765,,S
530,1,2,"Doe, Mr. P529",female,62.05385211979316,0,0,T5132,0.7184865831606144,C23,S
531,0,3,"Doe, Mr. P530",female,38.95174097089098,0,0,T9830,130.30601637674079,,Q
532,1,1,"Doe, Mr. P531",female,36.96224488669463,0,0,T7995,2.900231146349596,,Q
533,1,1,"Doe, Mr. P532",female,3.584662854785286,1,0,T5167,54.22770536667748,,S
534,0,3,"Doe, Mr. P533",male,21.831229903856684,0,0,T3670,10.59280531580822,,Q
535,1,3,"Doe, Mr. P534",female,18.277135597330535,1,0,T9296,4.565012184113021,C78,S
536,1,1,"Doe, Mr. P535",female,20.697709825358817,1,0,T2682,18.66185590041159,,S
537,1,3,"Doe, Mr. P536",female,27.26191463052055,2,0,T9490,33.25302332470627,,S
538,0,3,"Doe, Mr. P537",male,22.85468662339165,1,1,T1770,15.442225307896637,C128,
539,0,3,"Doe, Mr. P538",male,1.0001527495510771,0,0,T4854,1.8067604115783829,,Q
540,0,3,"Doe, Mr. P539",male,40.544698713704236,0,0,T4118,29.461212501188076,,S
541,0,3,"Doe, Mr. P540",female,14.145226126772805,0,0,T3132,74.92654556126118,,S
542,0,3,"Doe, Mr. P541",male,33.169079529611665,0,0,T8225,15.560178894975534,,S
543,0,3,"Doe, Mr. P542",male,59.77419871137461,0,0,T1990,7.8494200821520135,,S
544,1,1,"Doe, Mr. P543",female,,0,0,T1710,18.818695020377284,,S
545,0,1,"Doe, Mr. P544",male,0.42,0,0,T5304,1.5961963684428901,,Q
546,0,2,"Doe, Mr. P545",male,25.552938782738394,3,0,T6367,55.303851179799004,,C
547,0,3,"Doe, Mr. P546",male,45.66391470747928,1,0,T1038,56.37127080861935,,C
548,0,1,"Doe, Mr. P547",female,58.09603808619861,0,0,T2275,28.55280435369052,,S
549,0,3,"Doe, Mr. P548",male,11.871530880439956,0,0,T8069,14.025290300713548,,S
550,1,3,"Doe, Mr. P549",female,,0,0,T5857,51.789041332232365,,S
551,0,1,"Doe, Mr. P550",male,22.952998376689226,0,0,T2436,26.04908931198792,C71,S
552,1,3,"Doe, Mr. P551",female,28.163748862590033,1,2,T3099,56.29561497598544,,S
553,0,2,"Doe, Mr. P552",male,68.04297853174701,0,2,T9565,32.142128513416964,,C
554,0,3,"Doe, Mr. P553",male,7.906930238270277,1,0,T8693,49.40625760456398,,S
555,1,1,"Doe, Mr. P554",female,33.379225091671316,0,0,T5251,29.389089813523423,,S
556,0,3,"Doe, Mr. P555",male,,0,0,T5025,17.216575221949892,C21,S
557,0,3,"Doe, Mr. P556",male,45.44390171162053,0,0,T7212,102.03527761410874,C82,S
558,0,3,"Doe, Mr. P557",male,31.12075572532798,0,0,T4234,25.082289309962604,,S
559,1,3,"Doe, Mr. P558",female,,0,2,T8662,29.91689664121556,,Q
560,1,3,"Doe, Mr. P559",male,24.02109577238403,1,0,T8550,8.020592820022532,,S
561,1,3,"Doe, Mr. P560",female,33.60234064805405,1,2,T4123,31.638631611094524,C114,C
562,0,3,"Doe, Mr. P561",male,24.723712005287545,0,0,T1653,27.296448647424697,,S
563,0,3,"Doe, Mr. P562",male,38.71279240291274,1,1,T5158,6.5806786015584136,C33,S
564,0,1,"Doe, Mr. P563",male,,0,0,T9700,1.9782469933256392,C47,S
565,0,3,"Doe, Mr. P564",male,,2,1,T6543,29.857413055550317,,C
566,0,3,"Doe, Mr. P565",male,29.275689201567815,0,0,T3197,46.45237623347621,,C
567,0,3,"Doe, Mr. P566",male,46.027728636196436,1,0,T4911,23.86279502324776,,S
568,0,1,"Doe, Mr. P567",male,28.95479100796695,0,1,T6235,8.281264517636632,,S
569,1,3,"Doe, Mr. P568",female,3.9910292110002175,0,0,T5799,35.361341676291566,C57,S
570,0,2,"Doe, Mr. P569",male,47.997861760352876,0,0,T9707,2.6885884518170204,,S
571,0,3,"Doe, Mr. P570",male,16.566881637492024,0,0,T6360,18.775766578004088,,Q
572,1,1,"Doe, Mr. P571",female,20.220388089592113,0,0,T9221,5.743497468502193,,S
573,0,3,"Doe, Mr. P572",male,21.062911236369363,0,0,T1325,6.565697365429408,,S
574,0,3,"Doe, Mr. P573",male,49.62935235097685,3,0,T4766,7.277686436824047,,S
575,0,1,"Doe, Mr. P574",female,,1,0,T5111,15.742984853553644,,S
576,1,3,"Doe, Mr. P575",female,75.1973537380699,1,0,T9302,1.6906536161221548,,S
577,1,2,"Doe, Mr. P576",male,45.01282373145775,1,0,T8015,16.33038363089345,,S
578,1,3,"Doe, Mr. P577",female,32.93696425487281,2,0,T7856,23.082266004181992,,C
579,0,3,"Doe, Mr. P578",male,28.904036991063847,0,2,T1106,21.26107341608587,,C
580,0,3,"Doe, Mr. P579",male,33.840534085436026,0,1,T3426,15.53767201477524,,S
581,0,3,"Doe, Mr. P580",male,37.25627521150041,1,0,T5378,58.837834403250575,C105,C
582,0,3,"Doe, Mr. P581",female,,1,0,T5364,5.0565585386460175,C7,S
583,0,2,"Doe, Mr. P582",male,,0,0,T3531,22.688315491215743,,S
584,1,2,"Doe, Mr. P583",male,30.998919878201107,0,0,T7810,2.062393432734757,,S
585,0,3,"Doe, Mr. P584",male,,0,0,T6316,2.3768150196142765,,S
586,0,3,"Doe, Mr. P585",male,27.50653738702408,2,0,T6362,27.466634628660824,,S
587,1,3,"Doe, Mr. P586",male,26.873829934886125,0,0,T5693,26.87905302201591,,S
588,0,3,"Doe, Mr. P587",male,46.13966640457244,2,0,T9990,67.74908875127672,,S
589,0,2,"Doe, Mr. P588",male,38.30657247307249,1,0,T6268,26.280340281258056,,Q
590,0,3,"Doe, Mr. P589",male,0.42,0,0,T3011,103.48001091625822,,S
591,0,1,"Doe, Mr. P590",male,39.21056125968153,0,0,T1425,1.6074366693450002,,S
592,0,3,"Doe, Mr. P591",male,32.52367482342223,0,0,T4044,3.3214067731218235,,S
593,0,1,"Doe, Mr. P592",male,,0,0,T7229,1.451133609352163,,S
594,0,2,"Doe, Mr. P593",male,24.066482430211153,0,2,T2239,6.598002730974861,,S
595,0,2,"Doe, Mr. P594",female,45.99963443979719,1,0,T7566,25.0932577562842,,C
596,0,2,"Doe, Mr. P595",male,43.43913370078144,0,0,T4391,33.39946830531907,,S
597,0,3,"Doe, Mr. P596",female,18.493273816557668,0,0,T5213,1.5023507997136532,C9,S
598,1,2,"Doe, Mr. P597",male,,0,0,T4997,93.96708008364409,,S
599,0,3,"Doe, Mr. P598",male,15.610977349151353,2,0,T4006,59.447880913183155,,S
600,0,1,"Doe, Mr. P599",male,9.695536610560506,0,0,T8025,11.329483206846806,,S
601,0,2,"Doe, Mr. P600",male,20.612600243445506,1,1,T4039,2.58660152151553,,S
602,0,1,"Doe, Mr. P601",male,42.204705349550004,0,0,T7558,5.995431700896406,,S
603,0,1,"Doe, Mr. P602",male,43.520313157953254,0,0,T9790,4.37134489033376,,S
604,0,3,"Doe, Mr. P603",male,,0,0,T2184,4.236615777678172,C77,S
605,0,3,"Doe, Mr. P604",male,40.21388890929596,0,0,T3584,23.53746499112984,,Q
606,0,3,"Doe, Mr. P605",male,,0,2,T9102,9.085571337056644,,S
607,0,3,"Doe, Mr. P606",male,20.39851686926719,0,0,T8116,14.276984956195454,,C
608,0,2,"Doe, Mr. P607",male,35.96287689777214,0,0,T5383,146.73179656976149,,C
609,0,3,"Doe, Mr. P608",male,41.305938115801396,0,0,T4936,37.12685820606128,,S
610,1,3,"Doe, Mr. P609",female,40.63722428229683,1,0,T2699,95.8127306266683,C125,S
611,0,3,"Doe, Mr. P610",male,,1,0,T5507,4.9523617873721255,,S
612,1,1,"Doe, Mr. P611",female,39.970405784415426,0,0,T1135,15.504059608550332,C52,S
613,1,2,"Doe, Mr. P612",male,,0,0,T3025,26.05232734924504,,S
614,0,2,"Doe, Mr. P613",male,45.2171784555882,3,0,T4535,2.571619427092613,,C
615,1,2,"Doe, Mr. P614",female,29.315441740888627,1,1,T5854,0.1351187838186504,,Q
616,1,3,"Doe, Mr. P615",female,16.91281755719809,2,0,T6367,35.7413448731568,C68,S
617,0,3,"Doe, Mr. P616",male,27.33552902281542,0,0,T3890,33.060328506715784,,S
618,0,3,"Doe, Mr. P617",male,,1,0,T3757,17.03285340758353,,S
619,1,3,"Doe, Mr. P618",female,,0,0,T4773,21.65923039067082,,C
620,1,3,"Doe, Mr. P619",female,,0,0,T9572,17.288211703810006,C90,S
621,0,3,"Doe, Mr. P620",male,18.209911145500563,1,2,T7652,0.7823911396835331,,S
622,1,3,"Doe, Mr. P621",male,25.234557820233917,0,0,T2528,13.154575867652882,,S
623,1,1,"Doe, Mr. P622",male,2.2425873291701066,0,0,T5571,6.275748737171611,,S
624,0,1,"Doe, Mr. P623",male,32.79275875690761,0,2,T6049,3.3362788915280084,,Q
625,0,1,"Doe, Mr. P624",male,29.71747939275225,1,0,T1848,101.11040436318027,,S
626,1,3,"Doe, Mr. P625",male,17.852214849511235,0,1,T5127,29.453060639696663,,S
627,1,3,"Doe, Mr. P626",male,39.25906219226987,0,0,T8351,42.00067980023536,,Q
628,1,2,"Doe, Mr. P627",female,43.29476699558509,0,0,T6866,12.199536521135208,,S
629,0,3,"Doe, Mr. P628",male,6.390381966649873,0,0,T6869,16.082898749601597,,S
630,1,1,"Doe, Mr. P629",male,,1,1,T3121,8.70680393859777,C112,S
631,1,3,"Doe, Mr. P630",female,18.547435928084177,0,0,T5681,3.284229650349433,,S
632,1,2,"Doe, Mr. P631",female,16.07140503392146,0,0,T1472,6.3521167178674975,,S
633,0,1,"Doe, Mr. P632",male,41.727385208010354,2,1,T2787,51.42612908942094,C105,S
634,1,3,"Doe, Mr. P633",male,,0,0,T1113,36.44377273804544,C123,S
635,1,2,"Doe, Mr. P634",male,25.864534800996143,0,0,T7473,25.492938325234768,,S
636,0,2,"Doe, Mr. P635",male,0.6439957161020722,1,0,T9530,20.753808602130576,,C
637,0,2,"Doe, Mr. P636",male,,0,0,T3285,82.3234779212624,,C
638,0,3,"Doe, Mr. P637",male,11.730753274624647,0,0,T2196,2.43160971178727,,S
639,1,3,"Doe, Mr. P638",male,30.56902313886176,1,0,T1078,10.604711876764577,,S
640,0,2,"Doe, Mr. P639",male,,1,2,T5559,13.86813140684486,,S
641,1,3,"Doe, Mr. P640",male,,1,0,T7017,49.11193566548186,,S
642,0,3,"Doe, Mr. P641",male,10.722104212772873,3,0,T3652,157.61267320987068,,C
643,1,2,"Doe, Mr. P642",male,0.42,1,1,T5318,8.865287622380826,C68,S
644,0,2,"Doe, Mr. P643",male,32.365818398928575,1,0,T6385,66.7800794685353,,S
645,0,1,"Doe, Mr. P644",male,55.80741213190738,1,0,T8054,57.17518504954362,,S
646,0,1,"Doe, Mr. P645",female,,0,0,T1827,8.193299008041942,,S
647,0,3,"Doe, Mr. P646",male,32.740061521482076,0,0,T5923,16.412786796006525,,S
648,1,1,"Doe, Mr. P647",female,22.571275308335313,1,1,T4385,16.971925668554608,,S
649,1,3,"Doe, Mr. P648",female,,0,0,T7056,123.22276217815373,,Q
650,0,3,"Doe, Mr. P649",male,15.583580104285204,0,0,T2965,6.42516273235204,C62,C
651,0,1,"Doe, Mr. P650",male,36.60718765566518,0,0,T3427,51.688618707377195,,S
652,1,3,"Doe, Mr. P651",male,37.02931730791609,0,0,T3841,13.097511352103625,C123,S
653,0,2,"Doe, Mr. P652",male,,0,0,T9805,42.26449735105897,,Q
654,1,3,"Doe, Mr. P653",female,69.71507056421062,1,0,T9754,17.540825983155983,,S
655,0,3,"Doe, Mr. P654",male,35.39003152409212,2,0,T7563,27.808011698542412,,S
656,0,3,"Doe, Mr. P655",male,22.320027427241268,1,1,T6840,57.55555041566512,,S
657,0,3,"Doe, Mr. P656",male,,1,0,T8810,52.50163941228025,,C
658,0,1,"Doe, Mr. P657",male,4.048399379107785,0,0,T7064,64.82112971012845,C48,S
659,0,3,"Doe, Mr. P658",male,19.626659599208658,0,0,T8144,1.979282024818294,C99,S
660,1,3,"Doe, Mr. P659",male,23.765404647359993,0,1,T5352,37.925792495771496,,C
661,0,3,"Doe, Mr. P660",male,22.10071822994841,0,0,T1184,4.856024413899945,,C
662,0,3,"Doe, Mr. P661",female,31.90914564448897,0,0,T6809,17.30890627706782,,Q
663,0,3,"Doe, Mr. P662",male,17.774910980458092,0,2,T5065,25.611099164495045,,S
664,0,1,"Doe, Mr. P663",male,45.95494467620483,0,2,T8181,16.595940755428636,,S
665,0,1,"Doe, Mr. P664",male,29.703002441313856,0,0,T9437,23.60776788772631,C95,C
666,0,3,"Doe, Mr. P665",male,29.56514534349009,2,0,T8504,182.33370761609538,,C
667,1,2,"Doe, Mr. P666",male,24.94552661056269,0,0,T8426,4.677920473534331,,S
668,0,3,"Doe, Mr. P667",male,31.950264915955195,0,1,T3087,36.23576441177363,C54,S
669,0,3,"Doe, Mr. P668",male,41.6639248376807,0,0,T1600,16.23468232899812,C147,C
670,1,2,"Doe, Mr. P669",male,17.126611872191944,0,2,T8804,4.5958288600713475,C93,S
671,1,1,"Doe, Mr. P670",male,,0,0,T6537,5.565791370291631,C68,S
672,1,3,"Doe, Mr. P671",female,25.29597258273836,0,0,T4033,95.99782973904645,,S
673,0,2,"Doe, Mr. P672",male,10.184871609638382,0,0,T3056,68.16573131052505,C147,S
674,0,3,"Doe, Mr. P673",male,17.82076103403828,2,0,T9724,76.49454781186945,,S
675,0,2,"Doe, Mr. P674",male,22.794797333602443,0,0,T6084,153.64399206603133,,S
676,0,3,"Doe, Mr. P675",female,42.378643120334544,1,0,T3042,7.521668395187904,,S
677,0,1,"Doe, Mr. P676",male,33.50713927052791,1,0,T8960,14.14180006653026,,S
678,0,3,"Doe, Mr. P677",male,32.50705371482939,0,0,T1357,35.62282279183697,,S
679,1,3,"Doe, Mr. P678",female,42.0380204514356,1,0,T1377,21.29276236682474,C25,S
680,1,3,"Doe, Mr. P679",female,27.70810906820875,0,0,T5488,17.450930284779584,,C
681,1,1,"Doe, Mr. P680",female,35.361740323968895,0,0,T5797,14.26051106215888,,S
682,0,3,"Doe, Mr. P681",male,28.203284582478805,1,0,T4307,29.007754786393626,C93,S
683,0,3,"Doe, Mr. P682",male,,1,0,T3596,27.59744110903176,,C
684,1,1,"Doe, Mr. P683",female,,0,1,T1783,5.670111254867384,,S
685,1,1,"Doe, Mr. P684",female,0.42,1,0,T6924,20.548957585915456,C71,Q
686,0,1,"Doe, Mr. P685",male,,1,0,T3379,25.961335957487115,C122,C
687,0,3,"Doe, Mr. P686",male,50.329847973449134,2,0,T8831,27.19733047570441,,S
688,0,3,"Doe, Mr. P687",male,43.13012333250309,0,0,T6267,7.59462856465533,C70,Q
689,1,3,"Doe, Mr. P688",female,43.69826352657198,2,0,T8638,43.6583106122063,,S
690,0,1,"Doe, Mr. P689",male,47.62389546619016,0,2,T3538,0.8218093226070458,,S
691,0,2,"Doe, Mr. P690",male,30.98553506894084,0,1,T1861,14.111466687959602,C118,S
692,0,3,"Doe, Mr. P691",male,32.561077757381135,1,0,T2876,48.786052055311835,,S
693,0,3,"Doe, Mr. P692",male,20.744047516201924,1,0,T4526,26.721732594430463,,Q
694,0,3,"Doe, Mr. P693",male,25.11694358760778,0,1,T2622,9.74620528017846,,S
695,0,1,"Doe, Mr. P694",male,,0,0,T6518,38.230731789086015,,S
696,1,3,"Doe, Mr. P695",male,47.15632433894783,0,0,T3657,26.98105079538918,C134,S
697,1,2,"Doe, Mr. P696",male,,0,0,T2932,51.224731239641834,C33,S
698,1,2,"Doe, Mr. P697",male,23.17225565965453,0,0,T9699,42.765480091578475,,S
699,0,3,"Doe, Mr. P698",male,29.70765540342066,0,2,T4478,30.328706702606997,,S
700,0,3,"Doe, Mr. P699",male,,0,0,T3656,21.566843107577235,,C
701,0,3,"Doe, Mr. P700",male,8.764105166063644,2,0,T1289,4.602229708902529,,S
702,1,1,"Doe, Mr. P701",male,0.42,0,0,T8011,9.753640585992628,C63,C
703,0,1,"Doe, Mr. P702",male,21.717215682372036,1,1,T6858,17.490259041433887,,S
704,0,3,"Doe, Mr. P703",male,11.999669824244698,2,0,T8323,29.448203519482004,,C
705,0,3,"Doe, Mr. P704",male,22.33196713411399,0,0,T3829,23.214452014187206,,S
706,1,2,"Doe, Mr. P705",female,,0,0,T6962,10.945957452018881,,S
707,0,1,"Doe, Mr. P706",male,23.127898069166307,0,0,T5812,0.20882801991484573,,S
708,1,1,"Doe, Mr. P707",female,50.7607792498258,1,0,T8264,22.078051401075484,,C
709,0,3,"Doe, Mr. P708",male,34.43779908673364,0,0,T9758,10.830425829591492,,S
710,1,1,"Doe, Mr. P709",female,,0,0,T2473,42.714859568351116,,Q
711,1,2,"Doe, Mr. P710",female,38.72200358862933,0,0,T2987,0.7804519438978618,C122,S
712,0,1,"Doe, Mr. P711",male,13.186919792178848,0,2,T8673,28.30579421966292,,S
713,1,2,"Doe, Mr. P712",male,44.76712091759389,0,0,T4260,91.39288123698422,,S
714,0,1,"Doe, Mr. P713",male,,3,0,T8490,6.171326710342324,,Q
715,0,3,"Doe, Mr. P714",male,39.42196894999758,0,0,T7739,20.543450986352365,,S
716,0,1,"Doe, Mr. P715",female,14.158070120917746,2,0,T4251,3.0871598666055733,C109,C
717,0,3,"Doe, Mr. P716",female,7.170497892767067,2,0,T6905,31.64130878227614,,C
718,1,1,"Doe, Mr. P717",female,41.55940004136291,0,2,T6300,25.75001501151544,,S
719,0,3,"Doe, Mr. P718",male,35.15793812841399,0,1,T6054,16.846314481554796,,S
720,1,3,"Doe, Mr. P719",female,16.6202524618161,1,0,T2716,23.72631538480473,,C
721,0,3,"Doe, Mr. P720",female,,1,0,T2310,73.05874951467442,C86,S
722,1,3,"Doe, Mr. P721",male,46.01880437401415,0,0,T1617,7.036412407790593,,C
723,0,2,"Doe, Mr. P722",male,12.453527553423747,3,0,T5257,0.7349001469460267,C88,S
724,0,2,"Doe, Mr. P723",female,53.51875782221147,0,0,T7099,63.694052539058525,,S
725,0,3,"Doe, Mr. P724",male,16.640999347605902,0,0,T1468,27.713249706219127,,C
726,1,3,"Doe, Mr. P725",female,,0,2,T6905,71.26757927921676,,S
727,0,3,"Doe, Mr. P726",male,24.93503210163972,0,0,T2139,29.25958629589489,C32,S
728,1,3,"Doe, Mr. P727",female,38.446217750693975,0,0,T9728,53.50285694842056,,S
729,0,3,"Doe, Mr. P728",male,,0,1,T1951,18.08178234428411,,S
730,0,3,"Doe, Mr. P729",male,27.339502861951733,0,0,T9012,44.62064263001983,C86,S
731,0,1,"Doe, Mr. P730",male,30.293328043237956,0,0,T4006,78.64282973681594,C81,C
732,0,3,"Doe, Mr. P731",female,,1,0,T7075,27.33520542365277,,S
733,1,3,"Doe, Mr. P732",female,40.441953008591824,1,0,T8890,6.420966519022008,,S
734,0,1,"Doe, Mr. P733",male,22.258403286162014,1,2,T6952,10.080692907499953,,S
735,1,3,"Doe, Mr. P734",male,26.38530122756973,0,2,T8077,7.130712736654889,,S
736,1,1,"Doe, Mr. P735",female,15.281934068176572,0,2,T2971,9.12870640182857,,S
737,0,3,"Doe, Mr. P736",male,0.42,0,1,T2191,11.781404518854544,,Q
738,1,1,"Doe, Mr. P737",female,26.930097442297548,0,0,T4920,26.081410302326944,,C
739,0,3,"Doe, Mr. P738",male,64.68292361338727,0,2,T8765,28.552113938717127,C35,S
740,0,3,"Doe, Mr. P739",male,,1,2,T7193,17.903100234215422,,S
741,0,2,"Doe, Mr. P740",male,29.420724493851278,1,0,T4046,30.770496358835672,,S
742,0,3,"Doe, Mr. P741",male,25.888082976480117,0,0,T1304,2.7400574394946915,,S
743,1,3,"Doe, Mr. P742",female,30.02575544577467,1,0,T7339,2.9586364528270845,C48,S
744,0,3,"Doe, Mr. P743",male,37.63322717004054,0,0,T9043,6.070864997715955,,S
745,0,1,"Doe, Mr. P744",male,12.57821417802175,0,0,T5908,23.505097182028194,,S
746,1,2,"Doe, Mr. P745",female,45.857664572698646,1,2,T3804,7.75349327039585,,S
747,0,1,"Doe, Mr. P746",male,40.07302907389804,0,2,T4936,10.725052824139308,,S
748,0,3,"Doe, Mr. P747",male,,0,0,T1712,16.465378338210275,C59,Q
749,1,3,"Doe, Mr. P748",female,,1,0,T7848,53.79336711670885,,S
750,0,3,"Doe, Mr. P749",male,29.98444153656285,1,1,T9366,0.4494834245684516,C108,S
751,1,3,"Doe, Mr. P750",male,39.456487921518885,1,0,T4205,33.74717452429565,,S
752,0,3,"Doe, Mr. P751",female,38.28130493924998,1,0,T6185,35.58949935599171,,S
753,0,3,"Doe, Mr. P752",male,24.566409691355155,3,0,T7506,51.60820546324934,,S
754,0,1,"Doe, Mr. P753",male,21.382774292994938,0,2,T2772,86.92009927152831,,S
755,0,3,"Doe, Mr. P754",male,31.176916281298805,0,2,T2074,0.655056816825751,,S
756,0,1,"Doe, Mr. P755",female,52.16079219668022,0,0,T6447,5.376765170919104,C122,S
757,0,3,"Doe, Mr. P756",male,,0,0,T9783,69.97254938899019,C29,C
758,0,3,"Doe, Mr. P757",male,,0,2,T6264,19.75297705299492,,S
759,1,3,"Doe, Mr. P758",female,32.08903219792949,0,0,T8322,26.773289901767278,,S
760,0,1,"Doe, Mr. P759",female,30.437871676912263,0,0,T7651,35.02564901828944,,S
761,0,2,"Doe, Mr. P760",male,32.21345413337092,0,0,T3410,36.59599771030509,,S
762,1,2,"Doe, Mr. P761",male,,1,0,T7441,86.43887925856134,,S
763,1,2,"Doe, Mr. P762",male,,0,0,T9685,186.51601074796136,,S
764,1,1,"Doe, Mr. P763",female,51.30301985973019,0,0,T9737,41.007607861756455,C9,S
765,0,3,"Doe, Mr. P764",male,6.486892312090525,1,2,T4956,10.902409889060827,C19,C
766,1,3,"Doe, Mr. P765",male,,1,0,T7553,68.20611559579699,,S
767,1,2,"Doe, Mr. P766",female,28.202805977838814,0,2,T7869,1.625248004759763,,S
768,0,2,"Doe, Mr. P767",female,,0,1,T8531,8.46117646011416,,S
769,1,2,"Doe, Mr. P768",male,27.150111135734967,0,0,T4094,73.31225642765094,,Q
770,1,3,"Doe, Mr. P769",female,53.79131740305626,0,0,T3365,9.530288391145952,C13,S
771,0,3,"Doe, Mr. P770",male,,0,0,T7668,8.027344069388207,,S
772,1,3,"Doe, Mr. P771",female,33.04516313292091,0,0,T6000,4.786380931833721,,S
773,0,3,"Doe, Mr. P772",male,11.427610904997586,0,0,T8920,63.105183591925694,,S
774,1,3,"Doe, Mr. P773",male,20.762759583427574,0,0,T4347,22.323091324535394,,S
775,0,3,"Doe, Mr. P774",female,24.259652485302915,0,0,T4675,36.17996973754666,C37,S
776,1,1,"Doe, Mr. P775",male,,3,0,T1952,8.7973348751301,,Q
777,0,3,"Doe, Mr. P776",male,48.283835027554645,2,2,T4300,45.691303983095644,,Q
778,1,1,"Doe, Mr. P777",female,37.786520380514304,0,0,T4179,45.95389060928848,,S
779,0,3,"Doe, Mr. P778",female,13.583859624413037,0,0,T4247,12.069720529600652,,S
780,0,2,"Doe, Mr. P779",male,33.27431928726407,0,0,T5415,17.027051428420002,C41,Q
781,1,3,"Doe, Mr. P780",female,36.92421535320339,0,1,T4357,7.577637478278994,C106,S
782,0,3,"Doe, Mr. P781",male,46.23216105855836,0,0,T7472,120.85803010956745,,S
783,0,3,"Doe, Mr. P782",male,,0,0,T6996,33.402229886766655,,S
784,0,3,"Doe, Mr. P783",male,,0,0,T5848,87.78928451302006,C1,S
785,0,2,"Doe, Mr. P784",male,17.942566087450096,0,0,T6475,11.641046025960266,C38,S
786,0,1,"Doe, Mr. P785",female,11.465121045738062,0,1,T2037,49.03287014058168,,S
787,0,2,"Doe, Mr. P786",male,26.30671204294877,0,0,T9262,46.74893437355436,,S
788,0,1,"Doe, Mr. P787",male,36.46219642947185,0,0,T8008,37.88452704861405,,S
789,0,3,"Doe, Mr. P788",male,44.016350490541974,0,0,T6931,108.54080195582584,,S
790,1,2,"Doe, Mr. P789",female,,0,2,T6642,16.1045657406559,,S
791,0,3,"Doe, Mr. P790",male,25.062210912804762,0,0,T1105,4.510798737124772,,C
792,0,3,"Doe, Mr. P791",male,31.900490887606736,0,2,T1769,35.86611296953056,,S
793,0,3,"Doe, Mr. P792",male,17.590427926364665,0,0,T3940,42.078325248427745,,S
794,0,1,"Doe, Mr. P793",male,59.998311464574215,0,0,T8899,27.557038401229995,,
795,0,3,"Doe, Mr. P794",male,6.388915106788147,0,0,T7614,7.460818592216014,,Q
796,1,3,"Doe, Mr. P795",female,32.378738393988,0,0,T6805,22.607588194496948,C58,S
797,1,3,"Doe, Mr. P796",female,59.042290178829774,0,0,T5355,12.05060073915769,,S
798,0,3,"Doe, Mr. P797",male,29.798597746119967,0,1,T1933,17.95742734954549,,C
799,1,3,"Doe, Mr. P798",female,26.94443399247833,1,0,T9766,33.36735902071722,C126,C
800,1,1,"Doe, Mr. P799",female,24.517041369248805,1,2,T6660,44.028161781353276,,Q
801,1,3,"Doe, Mr. P800",female,27.084320614445087,2,0,T6906,8.509112588363404,,C
802,0,2,"Doe, Mr. P801",male,49.606302882809686,0,0,T7050,16.735655293246214,,S
803,0,1,"Doe, Mr. P802",male,0.42,3,1,T9261,10.096724446548816,C80,S
804,0,2,"Doe, Mr. P803",male,51.93478866879672,1,0,T5474,7.130191861202883,,S
805,0,1,"Doe, Mr. P804",male,,0,0,T1254,49.2545349764028,,S
806,0,1,"Doe, Mr. P805",female,25.833541226100984,0,1,T8087,77.26958320480757,,S
807,0,1,"Doe, Mr. P806",female,23.4759559056694,1,0,T5787,14.889411254702642,C69,S
808,1,3,"Doe, Mr. P807",female,38.23402241167544,0,0,T8862,44.80382667272243,,S
809,0,3,"Doe, Mr. P808",male,6.527196897685659,1,2,T7356,73.18997395060413,,C
810,0,3,"Doe, Mr. P809",male,36.40150365818817,0,0,T4742,60.26582795755335,,S
811,1,2,"Doe, Mr. P810",female,59.05248953765936,0,2,T3035,6.500787147221793,,S
812,0,2,"Doe, Mr. P811",female,,0,0,T2967,100.79312960836504,,S
813,0,3,"Doe, Mr. P812",male,32.45073943035074,0,0,T9291,15.220603115804593,,S
814,0,2,"Doe, Mr. P813",female,20.10125842194917,0,0,T2852,13.342572059888445,,C
815,1,1,"Doe, Mr. P814",female,35.87536448979902,0,0,T4183,2.0757817879140896,,S
816,0,3,"Doe, Mr. P815",male,29.977642772528405,0,0,T7618,21.44101139385107,,Q
817,0,1,"Doe, Mr. P816",male,20.39843981885751,0,1,T9303,3.7167214803794346,,S
818,0,3,"Doe, Mr. P817",male,,0,0,T1182,9.200733325101758,C117,S
819,0,3,"Doe, Mr. P818",male,55.86304759190777,1,0,T7740,12.273880524824095,,S
820,0,1,"Doe, Mr. P819",male,26.93189501995417,0,0,T1164,53.27724940887832,C134,S
821,1,1,"Doe, Mr. P820",female,,0,0,T7958,67.08414066526551,C71,C
822,0,3,"Doe, Mr. P821",male,,0,0,T3137,11.59858412960656,C53,S
823,1,3,"Doe, Mr. P822",male,,0,0,T1454,63.010785519858395,,C
824,0,1,"Doe, Mr. P823",male,36.549891029265474,1,0,T3285,62.67816620563479,C73,S
825,0,3,"Doe, Mr. P824",male,,1,0,T8846,46.58327468809707,,C
826,1,1,"Doe, Mr. P825",female,34.85639355739207,0,0,T5822,5.108155432497319,,S
827,0,3,"Doe, Mr. P826",male,25.160658557414262,0,0,T1541,37.7456438986096,,C
828,0,3,"Doe, Mr. P827",male,29.689725378638634,1,0,T7033,93.40768321989059,,S
829,1,1,"Doe, Mr. P828",female,11.569087857439097,1,0,T3665,36.94643974282287,,S
830,0,1,"Doe, Mr. P829",male,38.46547223215282,1,0,T8149,12.973176840516356,,S
831,1,1,"Doe, Mr. P830",male,42.49382940368943,1,2,T6798,22.35666888648419,,Q
832,0,2,"Doe, Mr. P831",male,23.144690173920335,0,1,T6785,33.41335890710354,,S
833,0,1,"Doe, Mr. P832",male,22.884388857487227,0,0,T5614,23.00737222631291,,S
834,0,3,"Doe, Mr. P833",male,33.5552343299547,0,0,T5292,4.114512703812288,,C
835,0,1,"Doe, Mr. P834",male,23.367563827411367,0,2,T7189,12.044716979948443,C132,S
836,0,3,"Doe, Mr. P835",male,28.741077087925575,0,0,T7673,52.21199105963746,,S
837,0,3,"Doe, Mr. P836",female,60.14596594291447,0,0,T2688,63.636647589892284,,S
838,0,3,"Doe, Mr. P837",male,,0,0,T6095,4.7555636084654065,,S
839,0,3,"Doe, Mr. P838",male,,0,1,T8583,98.03754470558005,,Q
840,0,2,"Doe, Mr. P839",male,20.310643818290192,0,0,T8824,12.838842669235753,C65,C
841,1,3,"Doe, Mr. P840",male,40.49078358674908,0,1,T2637,34.9575447482486,,S
842,1,3,"Doe, Mr. P841",female,27.072249488337505,0,0,T6966,44.87461953297411,,Q
843,0,2,"Doe, Mr. P842",male,20.284090944339322,1,0,T5670,53.807081348443525,,S
844,1,1,"Doe, Mr. P843",female,48.85890846795867,1,1,T6203,93.83552688444868,,S
845,0,3,"Doe, Mr. P844",male,50.28424356544774,0,0,T6134,12.084785174249161,,S
846,0,3,"Doe, Mr. P845",male,20.993858296788773,0,0,T2890,62.96713793625554,,S
847,0,1,"Doe, Mr. P846",male,2.635170705271065,0,0,T4205,4.54673399293236,,S
848,1,2,"Doe, Mr. P847",female,44.308948502635374,0,0,T9669,39.313578851178306,,Q
849,1,2,"Doe, Mr. P848",male,19.772867526479942,0,0,T3366,43.621641973938324,C18,C
850,0,3,"Doe, Mr. P849",male,,0,0,T8559,36.46149622371694,,S
851,0,3,"Doe, Mr. P850",male,,1,0,T3526,9.3628957452527,,S
852,1,3,"Doe, Mr. P851",female,42.64266140533998,0,0,T8807,66.4578372949224,C92,S
853,1,1,"Doe, Mr. P852",male,12.13800702542867,0,0,T1366,5.955556724378242,,Q
854,1,2,"Doe, Mr. P853",female,40.296079726464605,0,0,T7521,1.7750806723732573,,C
855,1,3,"Doe, Mr. P854",male,,0,0,T7606,40.69928045097477,,S
856,1,1,"Doe, Mr. P855",male,15.86787841874865,0,0,T1012,20.777486355791083,,C
857,1,2,"Doe, Mr. P856",male,23.797973462561682,1,0,T9727,60.89421829429221,,S
858,1,3,"Doe, Mr. P857",male,39.65161762587216,0,0,T4239,15.569670086754364,,S
859,0,1,"Doe, Mr. P858",male,31.235469570170896,1,0,T3317,5.933099105298653,,S
860,0,3,"Doe, Mr. P859",male,38.17398821685102,0,0,T5042,58.30095898190886,,S
861,1,1,"Doe, Mr. P860",female,58.35838847547454,0,0,T8485,25.634020277182298,C112,S
862,0,1,"Doe, Mr. P861",male,7.018496630189755,0,0,T1375,6.7532633338194055,,S
863,0,1,"Doe, Mr. P862",male,,0,2,T1256,41.03368490724998,,S
864,1,3,"Doe, Mr. P863",male,,0,2,T1449,23.043131635228,,C
865,0,3,"Doe, Mr. P864",male,16.667631299314642,0,0,T4212,29.85364200928788,,S
866,0,3,"Doe, Mr. P865",male,10.410452426784648,1,1,T7175,19.894805870687033,,S
867,0,3,"Doe, Mr. P866",male,26.957754333733014,0,0,T6943,56.813400502908046,,S
868,0,1,"Doe, Mr. P867",male,43.06392662290466,0,0,T9026,56.97428985978441,,Q
869,1,3,"Doe, Mr. P868",female,27.850537754525753,0,0,T8446,39.79176382013494,,S
870,0,3,"Doe, Mr. P869",female,51.61174648858653,0,0,T2308,3.586440110753745,,S
871,0,3,"Doe, Mr. P870",male,8.657952494252395,0,0,T9339,58.779285068326814,,S
872,0,1,"Doe, Mr. P871",male,29.524710256232208,0,0,T5016,35.79793086877855,C135,C
873,0,3,"Doe, Mr. P872",male,11.540295056009771,0,0,T4940,38.45009188467096,,Q
874,0,1,"Doe, Mr. P873",male,34.97266229806203,0,0,T7713,14.520869677328188,C38,S
875,0,2,"Doe, Mr. P874",male,42.55986715641085,0,0,T5071,68.07974477029893,,S
876,0,3,"Doe, Mr. P875",male,23.598953991624725,0,0,T9107,41.61323107182748,,C
877,0,3,"Doe, Mr. P876",female,,0,0,T6912,3.8462480416484373,,S
878,0,2,"Doe, Mr. P877",female,32.58474812854917,1,1,T1442,16.86873547417129,,S
879,0,2,"Doe, Mr. P878",male,36.03270900013589,3,0,T3944,70.03174514563229,,S
880,0,3,"Doe, Mr. P879",male,,0,1,T4936,1.556766935928308,,S
881,1,3,"Doe, Mr. P880",male,47.61884178142124,0,0,T1398,104.8088637201111,,S
882,1,3,"Doe, Mr. P881",female,14.16972164508879,1,0,T3995,36.605627425532205,,S
883,0,3,"Doe, Mr. P882",male,,0,0,T7329,32.13489366033369,C131,S
884,0,3,"Doe, Mr. P883",male,46.99135893093064,0,0,T3216,10.158364011877271,,Q
885,1,2,"Doe, Mr. P884",female,3.9104800319055038,1,0,T2707,9.211531933319801,,S
886,0,3,"Doe, Mr. P885",male,,0,0,T6766,91.71579313059188,,C
887,1,2,"Doe, Mr. P886",female,22.389392450388762,2,2,T6677,11.40556398788905,,S
888,0,2,"Doe, Mr. P887",male,28.517921240026133,1,0,T3568,48.10368192849696,,S
889,0,3,"Doe, Mr. P888",male,,0,0,T8638,16.081554683427342,,S
890,0,1,"Doe, Mr. P889",male,22.63518582035349,1,0,T1160,4.828580177091162,,Q
891,1,3,"Doe, Mr. P890",female,19.90223285215663,0,2,T9067,0.34689446153964226,,C
